1,1,NORMAL,GR0Gxambke,SaNbWJtbB4A6LQ1g9Xur7vqC9uYYPokiuvdjadm6sp7LlQHfiDO8P2dG67d6TTETeDi3NjiqY1C4iG6fREg9QxSsSpEXEhVX42Sk,admin,2023-01-28 18:58:38,2023-01-28 18:58:38
2,1,NORMAL,CHbA9s6NdZ,tMxZ4uuEIfTW2e1CnLMNebskMQEAsMv1Tx52ezpXfahuFY9YiFj9F4IdKmP6q48DIvPgxCBiKtB9zONe0xWZqs2zLNfxzXikPVmU,admin,2023-01-28 18:58:38,2023-01-28 18:58:38
3,1,NORMAL,69YkzXwv96,QaQanjn6IDOJwvKmuKni2yoh7f5lvtpZrKl1NBQXipnGtQPPtErZACaYpW6d3dqXeWZbYhys58VbWwFj31kyogAKF4GNm9BC1pgS,admin,2023-01-28 18:58:38,2023-01-28 18:58:38
4,1,NORMAL,Iglt2Nd8Ro,BdV6ERG7j9AoMhZBPVXDTFbfpw64L6lFrQLg5ucfqFXH8KSYe0jymAynabvJqMcy6uhOP0efDN5mquXzUjqkv3KU2KP0R43OIBjh,admin,2023-01-28 18:58:38,2023-01-28 18:58:38
5,1,NORMAL,Dy2HBNHpbh,UgAOgqxRpbCH8rzily54ejDUQAAjytQBWssj30XOYcnXYORbYI543ZtSvQTeIdJ0bKTn8cu1JOLLnAoDljGyUszPfnrmKEOG2Hz7,admin,2023-01-28 18:58:38,2023-01-28 18:58:38
6,2,NORMAL,G4uphMmRGd,20wHBWpD2q1SEQjN4POUqyPXaLg4As0CVhrrZtB6pokhY35xYtkDATy77mcDefEKswlXE6yJkD0gThLwT0TApQLKpIQnnSEZu4d2,admin,2023-01-28 18:58:38,2023-01-28 18:58:38
7,2,NORMAL,YkOq8S2LSY,HSkrgWQjzBOWwu8eAgMMwdu0cXrvZh4hIv8wWouAts2eSqnuxnAd1bWjqudIT5UabNzHpvMart5YcOpBsJzd4c6vrFEawSZUDd9s,admin,2023-01-28 18:58:38,2023-01-28 18:58:38
8,2,NORMAL,gk9vhoAbIh,YhMx4zbHI1AQEUmTbELx4jt9M6wN7iTIGgm1uKvxKQ48zycEyVvT2BkbNCplh2bGy3EcMz7GyoNITLsvnNd73NxhQbU0RBfg8nvB,admin,2023-01-28 18:58:38,2023-01-28 18:58:38
9,2,NORMAL,otAEGRFB0h,JENW8xpsw61n4QEOYyqSnyvNvXU1INQh4zJkxHJtIdzwTNsmoeCt415kqH4FOg562TC1ZqmKJwD8ZpmK2b32CTMkmtUXjLmfYwLX,admin,2023-01-28 18:58:38,2023-01-28 18:58:38
10,2,NORMAL,pWhIkM73Xc,6ZZ2Ubhbgs58fGvSikDEa6jFp9vwVPCKY4BCBWmAPTX1RlcizudLlHIv2WOhpK91qxMIhTT8OSVdj8u5EqLBpBqXYIpGlcSKUwYt,admin,2023-01-28 18:58:38,2023-01-28 18:58:38
11,2,NORMAL,It50x1Q8aa,SnzuF67PZan84eEk74zdCkG6zpTuQ8ghHlLNF0IDdW6xMP0wLjiLD91CoCBhix3ZksjWBh3JtnMNihs0HlVvZqDB96a1yejkzyFN,admin,2023-01-28 18:58:38,2023-01-28 18:58:38
12,2,NORMAL,peL5CuqFCj,2kHHbFV1XHo5Vj5x3x1wgfzaFm7gwYdRToogFEfXPI7kRKUMpshXwUgamvj8KmoFrgWAzM7OYZcrdfczrfNVmVmEEPGyZI9odG2i,admin,2023-01-28 18:58:38,2023-01-28 18:58:38
13,2,NORMAL,sANHDTKohf,g9UiP6JQd4CnsaDwBWeU8pcPAMDI6hzdQtMMMYI9V6EaPcOUg1fqfzv17hWTtHzXoDcSietaP4TiJWNLea6OLOxtvWTmW6qb9jpf,admin,2023-01-28 18:58:38,2023-01-28 18:58:38
14,2,NORMAL,D9MTdYhcYV,yFvwEzg9Ou2ukKtxaJLgHx0sAGN9Y1V5IHZmNpZDoIvRfpoxzBWtzmMXLVPqJUayHLypGOw9g72MGkPWyYsy0JFcWzQpqALyc8kY,admin,2023-01-28 18:58:38,2023-01-28 18:58:38
15,2,NORMAL,DhzD7AXNZz,7mhSma2P5ZWTSWJgbPREjUNl9B8xJ8Ut6l9cF9muTyvBPKkWnarFWWWMyPa8GIXyVl0xwkJt54YGQ3Dn1wEKsplgdKCzk7Uj7MBQ,admin,2023-01-28 18:58:38,2023-01-28 18:58:38
16,2,NORMAL,36zq0FGwF0,gtXv1bIhRpkJslYnOfhNB9iR6excfYXEk0LyRRbNEV7syGPTSyQ5xEx3SjUoReINy9cC3uqp4ZTRIS8c4qR4DnK7ngOzDvjKMtBj,admin,2023-01-28 18:58:38,2023-01-28 18:58:38
17,2,NORMAL,oSPuSznRCN,FYSD3QNCgXIOpP5gfoOERoERLMPnwLP3zcATjNEQceyuu0nmxuY9KqRzP89UVm0Wb8Xpk5Vvyyacw3W3OqcerDLpGXBe2owjpMv3,admin,2023-01-28 18:58:38,2023-01-28 18:58:38
18,2,NORMAL,Cuo5uViAv1,HpahWG8PJErX1hNuOBIFUJwmV0SSrigc7OPsBWqPH0fzRCZQfQGOSAkgZOmqFRoWpKnBKvqEqwIbU9cMQmDZK6OabLdJexEiAdMb,admin,2023-01-28 18:58:38,2023-01-28 18:58:38
19,2,NORMAL,Em6HxgDTZB,Er6DQavsrt4oFIV6Exc9duykYdoGClg5CIMzGhl3ku4TQ2n0yU0KolqdsM5zG6prZab9fQ580tutFWH1oUW04KGRwd36d3PyV6zA,admin,2023-01-28 18:58:38,2023-01-28 18:58:38
20,2,NORMAL,x09Sfb7MaV,w1968JF9kfjR3Id1zhS2t3eTvNpSr1WHTIPtYBwCKao4q8LYKMJK05rEeeNzDr85nO9iTHsdCSEhXutvnddwe9zhrdDsdri8WfCb,admin,2023-01-28 18:58:38,2023-01-28 18:58:38
21,2,NORMAL,rSKLk1B7y1,3pfugb9hrdDsnWeOK2HqYbpJPXuWL4GT68qQjYR4UdUN26g6jAbXZc2n9J7DZXrzPD1pGmxEijHCaTYgCeyLftLKj6KAMs34Afib,admin,2023-01-28 18:58:38,2023-01-28 18:58:38
22,2,NORMAL,yuQT3Vwzol,7TKKYztAgCNUpce6twg0jTaww6j91JSzuA3XxdbbllplB3HjlHkGY9Z6kRctvqeUKDMRXhLPOUhyV2AEjQgjGDHa1M2coBaD7zYL,admin,2023-01-28 18:58:38,2023-01-28 18:58:38
23,2,NORMAL,Ro7cthXIVl,Tl9JVOiR3sbvapjJBQS6Kg6xuYD9rCA3V6ivlOlo3UjQcTP2W33Sfz0WTjx7siIIRjGiFBqe8gcMPF0mac26xqVqhDjN69KRttKK,admin,2023-01-28 18:58:38,2023-01-28 18:58:38
24,2,NORMAL,27gPU2Bs7p,kPHBPqpncjrCmmm8sjM7aX8i7By5Yl1oq0ZvjrR0mi8cRWPH8iab1lyQgqkpfvl0MbF5n1HoaGkpb6H39unaVODOVs7eZ0vivcQ2,admin,2023-01-28 18:58:38,2023-01-28 18:58:38
25,2,NORMAL,M74jEzQT92,k3LCP0GsbnNaY6AhU9VLj5fbzCNZNbr8BXOygUJxf99hvjzgdXFD44ehbE0iKB6QJCwfZqKLmDHdm8qMszOE0U1tyWk4ovS4PKZm,admin,2023-01-28 18:58:38,2023-01-28 18:58:38
26,2,NORMAL,ZhCq3iiRub,Lw8MDw7MjJPyhuprAUTdXoxc6artK4qB3bPdqIF0opD48Sgoqn6xehzVnlmPOM7z5fWiWpmfPrrOJcqZD1hYQW4oEDNxhv10sVsU,admin,2023-01-28 18:58:38,2023-01-28 18:58:38
27,2,NORMAL,5b36MOeQbU,MUdDwQ5In7qs8vyMqyWfkRyBfwiKLt3HuIAX11N7fUFSgW1oLHupMlEuVmf8D11M6L36U05y17ueQ6dkBiaJPgeP9S0L5sFhdlWg,admin,2023-01-28 18:58:38,2023-01-28 18:58:38
28,2,NORMAL,JnPc9p7IfO,86SHc8ufbIzqmbOFhuv79ZSbTrOQBX2chJjL9zJ6htj2dd1VrjX5elzjbw8x81UNLHQuS4a4bvz7Ad5B3neiWCfpIMEgZZ8WQF7U,admin,2023-01-28 18:58:38,2023-01-28 18:58:38
29,2,NORMAL,3i7tchBsS6,SZcJSY6pGhTXLV6gTN2yP46rDVtTotLHKBbh3X31pa8x9lJTyUUpmOIzQhSPxwY0e97hyQQIBUCmPfdpwr3iokL2aFypP5tSBt78,admin,2023-01-28 18:58:38,2023-01-28 18:58:38
30,2,NORMAL,xmlDtTA1ZJ,7ItxlzuZXZcRYXhBKLuqmoAxbGQ5efDo0jdZ7LWy7M9MwoS0NyU8SSFebnHDIZySg7GiIJUTj0is744m00IjspTJrk0rba0SejAl,admin,2023-01-28 18:58:38,2023-01-28 18:58:38
31,2,NORMAL,N0XYC0l7Yj,Cdo5h2CrGy2RJ26eRqb8HxW4ZoFWkRdvWReY0o35SVk1Sj3drjpq227q7aMhS1IExUMMpfrDK88KaeXnf2xTMKNJ4mPuEFs94THo,admin,2023-01-28 18:58:38,2023-01-28 18:58:38
32,2,NORMAL,cqqAUltHDw,vazWMX4gjgXQLcowrtDjf06Ui8FZAzmJcJNfBfg62oCMQr7FP2y0wwvcW4ymOLsQpUn9l2yL1zUEswXwMejXe0DwZUcXoF7In3Q4,admin,2023-01-28 18:58:38,2023-01-28 18:58:38
33,2,NORMAL,7QoMAc6WZz,NFNae0Q5IsogoMRSellZ1mSNEcVJdBMBMzgIleHPT1mysLZTI5qISJgu6v9LDAoCDayHryP4PwYFjSnuq6DCnCWGCMeSgGV7sKn8,admin,2023-01-28 18:58:38,2023-01-28 18:58:38
34,2,NORMAL,rrcMUYjEPu,ZzBDg9N9ipRe91YQAOuTkWy06Pf5RP15LOhbrElPjobvee2eQf2urZjdvcCf5zl9MTaSwMe2JUh4TeGfhyAbzJt0WUFeRcLSqoI8,admin,2023-01-28 18:58:38,2023-01-28 18:58:38
35,2,NORMAL,uL4dCNFVos,887CkFDJ19ePtcVCleurhhUx8c8IPKX6pBAZ0gdHwXwIpTK741ixuH0i7lALFFHLY9XQN3YZa9r1tt3mIaZVZXPGIMIg5okeOe7J,admin,2023-01-28 18:58:38,2023-01-28 18:58:38
36,2,NORMAL,CkYom1VECA,vhrnIpN0dxHvm69PAZzf5prI2G4Ox2JVYpWizgfsHLUCMvHj42vcw4B3jKCMzgUgWISLoh0P4CdkJvgu2JjVALPHqvv30At1vgwI,admin,2023-01-28 18:58:38,2023-01-28 18:58:38
37,2,NORMAL,DtgjsaCagM,Io7WXmbfk0mr5obrUpDPpaQjwnU78DPzqtomyAfkagLa1OvMF5CLBwaGIkEwrZrP7l9NUnv2dCkhHdOj8Y1cDa17VMjf3aL35A4U,admin,2023-01-28 18:58:38,2023-01-28 18:58:38
38,2,NORMAL,kNFE272Utd,rvLbWrEQG1wlcIVjHjdJdAyzUnV16VLEkvQsfPLXXm26DFVMdtBCStEYgv95i8S6Oo7SmZD1SuqvXgTl10XFFYfDzDTZVmVQyxNT,admin,2023-01-28 18:58:38,2023-01-28 18:58:38
39,2,NORMAL,7CdChvnmnC,a05WdPTZwQC1Mi5fpcagfLqPVwVfYosgbLTOC3cryDKymxLDtX09TGxOTCa4jnBMdP8QJeSMIQejZkOvDf3ocux9bE9rIaqiHmWV,admin,2023-01-28 18:58:38,2023-01-28 18:58:38
40,2,NORMAL,9G6sC1lko2,TGFBBBJmZQYd60T7iv3BD37vJr4XRKxlm8gHzpkb3GqCvi0Oi4mcybqscVR4utpegA6rtGlWCrGXH9x86JODXcSTafMRQZuPKRRo,admin,2023-01-28 18:58:38,2023-01-28 18:58:38
41,2,NORMAL,rlHCA7nBBo,y7VwSxBXnUZ3wm6y2IEG8Tn8h2xIumTQoWNMB1svhKJwdrGplFz7kjRjKKanH9yyTOsSM3H3dyiJFY0AmxKKGWWXCdlntEcey2bS,admin,2023-01-28 18:58:38,2023-01-28 18:58:38
42,2,NORMAL,zYTCnQrNWM,VuvbGG2ko12ClC3GDPU6LDumvLUdepH7J71VVmYjhUhbHhP46HZ32YBScZxwPToF3JX80PgHzsmSiwiCbEir9F89GqUMsQlLLCVU,admin,2023-01-28 18:58:38,2023-01-28 18:58:38
43,2,NORMAL,iIzyNUpMce,38ZQdYxItXtACYwuKG9evTLwiPwII9sZbK2o7yZAvFxY5LUNQYstnfoTBTxjaWE0PCtFvCN4fcKBjBuxyHZkcdQzE2znBSmmLpti,admin,2023-01-28 18:58:38,2023-01-28 18:58:38
44,2,NORMAL,eekMccH86z,oHSW7C2JIEvVK5KnqEf9lVoC24ErgbFtDxGWGN1QIxk7MLscZ86hP66gXVgooKz1afWxein0t6lmB0gsROdbT0LidPpuijXbIiP1,admin,2023-01-28 18:58:38,2023-01-28 18:58:38
45,2,NORMAL,G4a5YDxnp2,AYhceWKygv9yYj653SKgxruHBWbhpQ8MlrvUxfn8I4WF7uoVVXMXIVfIFCa4WcjEpsreJ30d6vdOZyJ9Vs7bpC9Q27smMkwqkIej,admin,2023-01-28 18:58:38,2023-01-28 18:58:38
46,2,NORMAL,fI0oQDEFwa,vNobC3avy8xRt3JYnioKvTDdrTiioG6L9Olw4I94VTyetvVSAToEWrpHw3MiqjeeGvaWwpt1WToecNMFkrbQTHTofG24cDds2RSo,admin,2023-01-28 18:58:38,2023-01-28 18:58:38
47,2,NORMAL,NZyWdLKZ0D,AxoZTksNsJYbbZexmoBp7zBXqdXMqFyNNqxUSN3iJ9QEhCmpIieARt6NjeuNej9dZOB6klffDyZ7yg1y7TAhjcL3ZmW2tIypK8OQ,admin,2023-01-28 18:58:38,2023-01-28 18:58:38
48,2,NORMAL,c4YMW7Pv45,RIV2uDRH2mmEIbrAg0bbyqfP5O2QObqqcrCOllYq2L6aBTwxhT5cazLeokpU3eQFGQqIiqyjA1Ler3fiJVGPL7efnYyxLTbZtqg3,admin,2023-01-28 18:58:38,2023-01-28 18:58:38
49,2,NORMAL,oASYJb8yyY,MWDcRh6cIIloRFwsPBoaZqbEKPQczqVZqK9NtDPZvQVKMyQ2qylzYyuBOZ3b5S2ftShdJSLRSCk8uBwABeXPX8P0KCxjT2t0scs4,admin,2023-01-28 18:58:38,2023-01-28 18:58:38
50,2,NORMAL,nTmz6iz9oX,wWNqLB2JIyatr5M3vLzv8E5QNFVPlpXFBYqMOvi44eQlsCEJ5NsWIO4oT1dEgF7UjQlHnIo5nCIAyQAyamyN9Zy2T1nDbmeDdUTQ,admin,2023-01-28 18:58:38,2023-01-28 18:58:38
51,2,NORMAL,yZyuo5xXrp,XixkkpmKJHMCtdG9WF24NMJk7J4IKw6FJQlelim2GFnT43ghDHB2lGtzyMKJyQW58QCiiEfqO3ryB2kpwdYD38OzdFSQbg0IuSuJ,admin,2023-01-28 18:58:38,2023-01-28 18:58:38
52,2,NORMAL,7bIF3lnBeJ,x2t2DQuqi76ofuA7wqqCtghK02D131PYDFVMJYr0QonEhwIKpe4WBftg3i46qBqBZqXKkLjgk5RPB979RuSnHtUPHgq0lo9AoVuw,admin,2023-01-28 18:58:38,2023-01-28 18:58:38
53,2,NORMAL,kGRS7zqvnh,PEqJ0M0dfWHUqkHwbN2ZtGUFnjLchnyC6cWJ8pZLUGcHYiain8QulWBhHz0NUyM14mINQ1gEsla6RPOAH5aWGTlkGI7iiXNFzJhV,admin,2023-01-28 18:58:38,2023-01-28 18:58:38
54,2,NORMAL,3y7dwDZ9si,9fj78xiEhFoUbUjJAb8sx71ZQElfY2CwYYoObOEwo8jb1JBlK8rwT2Lvx4fRRzJBZE7UdYPPQl7ncO4c26vX1VhiUFLpnrIeXP6t,admin,2023-01-28 18:58:38,2023-01-28 18:58:38
55,2,NORMAL,gIlOBlMMYf,1Rs4hQFPCcpBAqL0jW0TesNpbqAzGVBjtewNGQawLlHiOe9NPdh6khbH64HbBgUHLOcNrbXww0pRMZ5m92s9IDxGCNXgvPLRsyk4,admin,2023-01-28 18:58:38,2023-01-28 18:58:38
56,3,NORMAL,FRrXbpKTJ8,0xwEiURYRt1iJguEHtNlA2lKFzbRV6PnbqZ6GaHEzxz8nydUoP4XA8m4M6rIChSMY0y0CuTkabGgxk8wwxGxop8KGVuvGJCDqj9P,admin,2023-01-28 18:58:38,2023-01-28 18:58:38
57,3,NORMAL,6lon9aBFya,2CQzlxqG7cumEFjtAXlkbrWjrauC0o6ayLBVNWdSK290vh7wn1f8CX8gFvtdeeRmwNvU4L2wsyWPbGCvsslTqAQYElHAG5M642YJ,admin,2023-01-28 18:58:38,2023-01-28 18:58:38
58,3,NORMAL,o9mFKmjvQV,t1Zxr2I1pFDxouPTvAZjF0KG6o0zyE6dPdgNCpZS0NFaGe6wCXnOuBZrbs0VIxUxpCoTHcNW4XOLXGKTDYUh4HsrS7gnZKGdDATE,admin,2023-01-28 18:58:38,2023-01-28 18:58:38
59,3,NORMAL,GPf0qrPZdw,ZfhiPI2ixR5MO9CNnQqEw32nUjRsgCP6xsI3prp5vUxe8LVD4gCjTNlwUVXrxjeLpRAYw06WkPGgetzqrxntV7m6pt98XvSOeh8f,admin,2023-01-28 18:58:38,2023-01-28 18:58:38
60,3,NORMAL,bWDLh4qCFr,P5HaklnIXhdjv6AOIUzXetVaduM41hmrcdPnJcjJC9MDDFOetrJ5aAlkkhW9er8TBawsTeLodueabtpq8jG3oSVk2K5GIhFaAbeb,admin,2023-01-28 18:58:38,2023-01-28 18:58:38
61,3,NORMAL,ZvYdG6Exoo,tFYowdtckL13V5LvEnFDjeZxFvCdafE15DwXO6Y1eQwUeu1Ot34AJnxXSvgli7Eg8cdua5puF7XbdfuuMN91tRTmet6SIkIP5o0F,admin,2023-01-28 18:58:38,2023-01-28 18:58:38
62,3,NORMAL,dIJvNMae3u,4OjB43Szbqe9GFi8lx1O3xiVyn0T0W5TS24fSqH9WbJ9umoODJIEGWOHi5IROK6SeJx99ovLBmnB7g0e2YS99xurpXmMGuBH0G2W,admin,2023-01-28 18:58:38,2023-01-28 18:58:38
63,3,NORMAL,YC4FA4JPr1,9O2iLvCO8AGLsLz1P2nEgzamObSBNUTsJN9BE7eDyulMjoctwKohizHN2Kzx6Tq25JX7Hl3rkAEmn4vpCrypahSudJmKOuFmNVQ6,admin,2023-01-28 18:58:38,2023-01-28 18:58:38
64,3,NORMAL,wxL3uz3NJ7,m0Y6bq7nrdomUuRps40IBy7XrJNFwGezGliavHusPmPsmYd6Qd2pHlvu0UvFJaOZsmFLsxRYa8oYzuAqvSQKFhZUWhtRcTj1B3eY,admin,2023-01-28 18:58:38,2023-01-28 18:58:38
65,3,NORMAL,rohn2ckNfM,CpqNYtQe1xFEcxE9C2sJqBwwTzkhWRM3JSzQVgkiNn62BZgV7tpHFdrhoVXbMOH52mE6Ts2MLHObGwcdrbzUkqjPhJkrPHvKN0N9,admin,2023-01-28 18:58:38,2023-01-28 18:58:38
66,3,NORMAL,VeSqQ8ocny,jwyHVhxowHJzRVhQnPhdWe7nkOaENkzLG97kOIFQeiwjv9WZnFO5rJPpPf5t0UErO2eO8tgY8SrUJjEklUQUcfD55kPScZ8DN4Bi,admin,2023-01-28 18:58:38,2023-01-28 18:58:38
67,3,NORMAL,CgYYPzkFQV,Wf8L4nIWf70u7QgT7f47BLcfNDQVeBay5q9F9qOMhDGqG5ENQvKYl3IpB4aRb4sf78KrKcnow2zzkVg4LRe1HCJchvNAugcdZNnD,admin,2023-01-28 18:58:38,2023-01-28 18:58:38
68,3,NORMAL,Fhi8cZJXZ6,f7Sy3HXKfD4KEQ0CTDL9GnQpjBMyPsztHJaIoxWAITXicl8BBWoTy6RKBZsn9ziDyQ2gh94NOcXo41gJJg5R0KjoGZL4I6FB6NYT,admin,2023-01-28 18:58:38,2023-01-28 18:58:38
69,3,NORMAL,gbJKQu5c4N,R7rLaWQOydxRDJg0KpdgAeMPG9wnZ1mqMZUHnezoDxmjhmLFX8lzDK8q2r0giv2AoJkwX8UhpQCUEM4yoAwuQn5yitz87bTX2iQU,admin,2023-01-28 18:58:38,2023-01-28 18:58:38
70,3,NORMAL,w3AaTFGsua,2l4vehWLX3rqkhbCEAMzlXmLWlU6wZXmQaXvXaTzI0jQL6CHIv7NXTRTihDWdrj6gUX2w2pvgk6Dm9IoeoRd7O2hFvKXWlhPUfrs,admin,2023-01-28 18:58:38,2023-01-28 18:58:38
71,3,NORMAL,WB1Z5JTZdX,oIAnNkr1PCog5XMbEChBJZPvMCAvqloxWw2LNZQuueqLrzIHlbGJrHJ8Der075ZPw7DtrmZ0SucwttyYa8wclpBOY66PpU4AXwqY,admin,2023-01-28 18:58:38,2023-01-28 18:58:38
72,3,NORMAL,pR97SNnxxe,NlyrXXZPFQ9ktNUpO6Ku5PLelVk4BwIZMcLVgVl09IP3UIf3FwyNye6Vae7xv7kvIeoxPY2UV2cHj8sFqEsQ8RGIMbwdLSfWGkJ7,admin,2023-01-28 18:58:38,2023-01-28 18:58:38
73,3,NORMAL,DtOphvaEVc,mGmJYSxMsfFNlgWfkdUxfRKtKQ9bFHu1HKjhZURUrKrG5N3afcXdAwCqEl6aXp3a1eD4wNqTpW6Rk3fUJSUXdDtqxnVe5fKcZB6o,admin,2023-01-28 18:58:38,2023-01-28 18:58:38
74,3,NORMAL,WxHOMUfv68,fPaTTJIBXq9fG3MbZ8h4Su8pIZM6vhocKhj46ziXetcAvGXJmU2pJFyNAtuWpmrlfezRtJf4YGHrhrj1H8vJeEVL5c0DJRsoEIMI,admin,2023-01-28 18:58:38,2023-01-28 18:58:38
75,3,NORMAL,2WEXm4wvnO,27c8OTlDaA90hMhpFR7zwIK9U9wbqehFPWmd3Y2U4SmY1qkZxTtRXA6uuILLjBa1tOWdsFrmC3zwb0Tux5ldzgjAQYSlPwcDXCrV,admin,2023-01-28 18:58:38,2023-01-28 18:58:38
76,3,NORMAL,AQ9pa9oZgc,wqBmKVsYHo0kZybuOi1orbDivvLR0jRoW9105L0PMDYdWsSHx1Sgr5bW31mb7MchXeCsxfHk8IlGakxcIfqzIKXVQVLYVENGbjt6,admin,2023-01-28 18:58:38,2023-01-28 18:58:38
77,3,NORMAL,ImtK0vVKiF,7GQPDVRfkCkrQjUD2VfsKbmGT2rvY7GaEefwOEBIhYKGNhcDuCTX6XmurygK4rZr85oqAjuIfTw7nisfW9wI1l5q8iNR4omIlPzg,admin,2023-01-28 18:58:38,2023-01-28 18:58:38
78,3,NORMAL,LNNsh1nKRI,gPGqaxDdM3jZUPJ2PF4XBL0R17TfHCskNpEEllGYTHQtrBqG1PCXMa706P8BmccmEWZDMd78PzfprwR3NqyPcnoI380CYplbbCxG,admin,2023-01-28 18:58:38,2023-01-28 18:58:38
79,3,NORMAL,reEXeT3ifE,KeocIumNaL0WhhiugqfrhgCHJcQetTEhm6EvioBtXBxIwxqWSHR4S0Hi7SqTDa8akEKNN0w2zhTMSicmY1eyQKV0kVE3uYWZqcHJ,admin,2023-01-28 18:58:38,2023-01-28 18:58:38
80,3,NORMAL,R1YDyfpOy2,rWJNdU9JhlARk3AojyXsyFda4x8wWGJpdrOWPfGTn3oNasMbNUL2ZMMJWvldDmt6YbpEgQzvGguzi8wOj4HOlYcCYC9S6H1RM1H5,admin,2023-01-28 18:58:38,2023-01-28 18:58:38
81,3,NORMAL,IXmXJNoO0s,MVsiFpfcLJdARKq23lxhcNQ9JjgpUDBAcq66YQ7fuXmJEO29gkpRFf5rRlCSyqrDmbdmI9WSA050GU1KKkliXSM3k3WJqJ60OuHb,admin,2023-01-28 18:58:38,2023-01-28 18:58:38
82,3,NORMAL,lYjCStT8Ol,pINnZLQxoeGC4dQYtNp8NIsPLoJVcAEi2aOtS0sesjvlXVgo2j4mVlEUu6kec4MGLUssOtYEN6gq4mIuWY6RDXd1hbis1KfZFE0v,admin,2023-01-28 18:58:38,2023-01-28 18:58:38
83,3,NORMAL,ODbCCDWhmQ,34bLjDZmBzcBJfjY2grBAbbTeL6FhAq7TMSvMGTftReUPbEiU2NiHmAk9zAgTWlGLD5KzL8NVCoKZPpvP66vzBNuhppnOWxoa9pb,admin,2023-01-28 18:58:38,2023-01-28 18:58:38
84,3,NORMAL,zwrKFHKDIF,pWJGxJOkjMUmZFt7a6iBmIZ7QzZ5xxEG79aX1MsbzkpebrHBs2uJwYJS1LTvvEGfDbbJDEf1rT90qAKAjFccuQVK3jd5RY6TIeE4,admin,2023-01-28 18:58:38,2023-01-28 18:58:38
85,3,NORMAL,jLumyWL3S9,4lbaAYSyDinGtD69UXQfYqkhwuyP77rZ8DfFRJjaaVvJrVHTZmcxHWvs57pnRrTYUYEE4w6eU1x40iYARFJrVZZRrTGURO1pumHD,admin,2023-01-28 18:58:38,2023-01-28 18:58:38
86,3,NORMAL,tkyBVcFUXe,iq5ZZEX5haQZowUC4ppIbfGGDJ6U9yku7VmnZLuG08n1Ev1TlbEWwA4h5Mps5KVYZE37Viw8m9aXz7kRHhFS3x2KZD96Rc1CILls,admin,2023-01-28 18:58:38,2023-01-28 18:58:38
87,3,NORMAL,qxBRrlVlGZ,13MduZXh4DUev9wk44iKLE7URciI0aEZPsKhxBTlvuZGgjkR7JHmxrGIdLjcjQZZ1Jbjy3G1xqi3ZRJVZYIvkmSADc44AKXZxQrr,admin,2023-01-28 18:58:38,2023-01-28 18:58:38
88,3,NORMAL,Lr6Sd1QY4i,yyhSKilLyQtzhDuG2yrPy6ukbNSXLzZbebl22FgBFDuA2PUl25WHdv3MSh6jRRRo0Od9MXWiCwIvvfQUBJn3OAgrzGmXrSI2Lsak,admin,2023-01-28 18:58:38,2023-01-28 18:58:38
89,3,NORMAL,6sbCqCaPTv,TiQGqgAnQUqe5GJvmidcE4J1mejmwmPFiDCZ1NrmALRM8ZL92kCYkzOeJ90noJ4Ib1fdB4S1eHJ7FhxtTSqtBlsIqvE7lGi58m8q,admin,2023-01-28 18:58:38,2023-01-28 18:58:38
90,3,NORMAL,OSJr0Si38u,Dj5m5MLGxMYXSzpBGTGUYq9xbsAHhTVTGnL3VbUrfvdP77zLvMsoLjNL5FEiinn2SSEMrqC08GPjRgApqIrTJ2DsPNSwKJFGYegb,admin,2023-01-28 18:58:38,2023-01-28 18:58:38
91,3,NORMAL,0Z0GUUm6LH,nbK6mbRmiv4YLCHsREVnAG3y6O4eh7z3pJu7k05WsmeYgUSmE5xz9Kie3tyXnLLyiRnd1b9E7BJoKpw80z2U7HLUcNO2T5hrw3X7,admin,2023-01-28 18:58:38,2023-01-28 18:58:38
92,3,NORMAL,REjisGO96D,T2i3SNJ6hmxt9hgNVqlSr532Mv3NJZM4nytgNavtjeRpWECrkKuAylPL4KwUSqIEuEzrqZ4P6vqR6vRDxzgxFZo8Vfi8x4O45Rwc,admin,2023-01-28 18:58:38,2023-01-28 18:58:38
93,3,NORMAL,2HZ6mdftVQ,E5oDC5OkU5uGe1eufLPWyxTeb72rTIsU1Jhfc5hwRwm83d3e51RzTSEG8c96b7ZNOInF0jTXpqZQlSjC1J9Iy0Ai9mOuzMCJla5j,admin,2023-01-28 18:58:38,2023-01-28 18:58:38
94,3,NORMAL,kO4nq6jmZo,M7lqGEvpAZKMhpHPNLqIKLyd7gzR6sjn3T3z9aId3r5gdOBgF42VmeNya1J2WL7C42uBw7508GWrbsmIyXTRF8HwVHxTW3Uqwb9a,admin,2023-01-28 18:58:38,2023-01-28 18:58:38
95,3,NORMAL,qu7HJTfxYA,5HzhYcsBRPvLsKsZ54E4HCuJKh3R0DZ3W4YOvwUGDTsDy9rTnKl2TExuZZHmfqeBfTAheskasxwcPGShuWcjAqYMxyUugaOhlBun,admin,2023-01-28 18:58:38,2023-01-28 18:58:38
96,3,NORMAL,WiNFITOU0H,gICzTtDobEemX62bVJAeiBVwX8zqrGOPRfj5A2nOuork7M0LysFMvAC7XSphdJJePBCNsZjwEiyYJaECcTyLQfFWXUwZXz87euay,admin,2023-01-28 18:58:38,2023-01-28 18:58:38
97,3,NORMAL,UpmiyhkfTn,36l5BCOR0ZwSRZKvc2w8tob87uzHqSYgTE0yG7ngGBNZlHeIHM3zprCFBDuFkLzdDl9GuYifl6OYd7HxEmIxd3WBbbOic3VZWmOU,admin,2023-01-28 18:58:38,2023-01-28 18:58:38
98,3,NORMAL,B91nXB3WLO,SEGiPUmRa8Bm8DMDz8QMcSyjMeuDVxPA4ElQJmlPczzOsVEkBrA53O56zbDEzOBLw7kYPGLZxhVsolvKHLCjPJ5fUd6MLowfBZue,admin,2023-01-28 18:58:38,2023-01-28 18:58:38
99,3,NORMAL,E8ZU4isEzt,Khnmq8Ln2iaTiqhjOEe88zTwSoJWTwyL4ZWjyx9U8MSQxDAwHSPwryoUrdKXVvqzmy5DONWp9TyV7KRcysVo5cTQjXn81ljTCjub,admin,2023-01-28 18:58:38,2023-01-28 18:58:38
100,3,NORMAL,mk2Je0Vi2x,psbCrZZXCwgfVpdPSN3AqfZhJX8v1pVqm905pHEX5vv98AfXfvU1ekXPXoMYbkNqpoAfR9JqOGtkL6UePkyFJTmu8Icyl7lykKpP,admin,2023-01-28 18:58:38,2023-01-28 18:58:38
101,3,NORMAL,t3BkhnOYaA,YYnJS1Kn4lrSk5GEw3dJxMWMnC2sd3zCDhCJlri2NlSDX5MGFTNLNYakUbhEumhQ0bkqnompCctZiyYiI7mpKNJU7GgI9uswPDnd,admin,2023-01-28 18:58:38,2023-01-28 18:58:38
102,3,NORMAL,UFG1Hx8hP1,SXGqf81zzW87limjGACJHHMzbC0xWPyQGCWXN66RkQruDf2dQ3NjWGuLxNoTHTc5SvmDNkyvUpc9E7OsZoCAFjIdtCEKblToXwye,admin,2023-01-28 18:58:38,2023-01-28 18:58:38
103,3,NORMAL,1d0B2TPqNC,L8Ij8yCf7z6pvuQhIbIe10Bf694tdQVsyOzVpUDK6wuEbZQrqKyEeJZ56rERx3pN32wOnml4nY99RKD1HUwZaK4bA59GUMjhbuzN,admin,2023-01-28 18:58:38,2023-01-28 18:58:38
104,3,NORMAL,Ngt0XaWwmQ,BkhsQGX4xTm4iBSuGo5mu7Jew1DLPTxt2EUrac9hdGw1FMrnjiab2N2EdpKgxMqmuJy1fAQfj8OAItWKss0fasKtkiVy0dbbBcsk,admin,2023-01-28 18:58:38,2023-01-28 18:58:38
105,3,NORMAL,cwZBauorIS,wZGWExKJ1euAKJB9vBGfFiQj7dCfqlsHpBF9NoCwsfmYNA69I9THq6WyIVsy7aFVouf8FTXr2AeAqGjbTtJOE66vyq3YFIpLYrMT,admin,2023-01-28 18:58:38,2023-01-28 18:58:38
106,3,NORMAL,BjQHO7zjMu,MnxHIDlLvusX6IwxrdY7trEXqnjSvcH4rpkbmFIDIIM196coR7zXCSNDxV5foKLvoxp9iR4YYIbCOSRHi7v1gFtfdHCVFdrVHj7L,admin,2023-01-28 18:58:38,2023-01-28 18:58:38
107,3,NORMAL,trM1DFQFWU,0NedocOLGvwJXuDe9glFbfladpK19Kua68erLaaeKsI9kc0Ho7Ud3GyDE2qWcGECH9TD9uEGrf3kdydeQ2MP4n9pFpTvhF8tuM02,admin,2023-01-28 18:58:38,2023-01-28 18:58:38
108,3,NORMAL,WKziLq3YjU,CP29zm2zj21IBBf0sfaFUZufd6I8WVmM1JibiNAaCCtLnke2R5sxo3nDbSWGJ9ZDS1lScCWZAyBda5zULagzNwnfAypMQbE728HH,admin,2023-01-28 18:58:38,2023-01-28 18:58:38
109,3,NORMAL,EuQfae7Oeb,Dv1QAQHIqzb9ksuN0qkhWlUnijhll5g9thwA5oMQMVrWUXfjqOdIhAu6CHq7ev4ScsFYUV4s7NRPoCfxoVrh7fyHCtlaIwG5wsb1,admin,2023-01-28 18:58:38,2023-01-28 18:58:38
110,3,NORMAL,CMqAvSA8j0,8P8p6oeTi9w3sNoHUQ4GuXsjTq8XfUG2uppEOgaL4YhwwLDQvWYO1xi0z39rF73k4NqUMZws4DhjIt08r8to8zGjHA7nzm9Z8AMs,admin,2023-01-28 18:58:38,2023-01-28 18:58:38
111,3,NORMAL,SJhbVzk8JA,vjTqx3uEXGkaRhGDj51jyfth7kFXSO6AGytVAp4C2sx8QiAfhLq4oKJ6fUThIekMxfOgVoL9oodrxmzF6o0dvAEJSB8kquER7vJF,admin,2023-01-28 18:58:38,2023-01-28 18:58:38
112,3,NORMAL,TMiDoWsxFe,OImuqixcbyuLStW9Wnz5I1kKCUQih0RQ6TV5Koug6tWi97mkQjzoj9IihsSUKCGHBDr2wBX4UTVWW0fjJDACK2bOczV0H7lsE8UI,admin,2023-01-28 18:58:38,2023-01-28 18:58:38
113,3,NORMAL,BkdPrNk4Dz,I1iwras8nxCfiVyJJSdWPUwxibL5QlOkZVgJEW6CqHSk1EBvp9m136npizpMgBbmxSmM3jqw2Zo6tZcivuohaeTVgGPigUofRj3Q,admin,2023-01-28 18:58:38,2023-01-28 18:58:38
114,3,NORMAL,T3QCcyvZTL,XYqYHDtF1KlmJ72wnEfg2QqgrgyFIvifiG3kk3WSQTP8Q3eDb72KtpsJdHJIu7y1tRd8sDeJH9Aslsy4g6QDZmtdBPFLqKmIoBiZ,admin,2023-01-28 18:58:38,2023-01-28 18:58:38
115,3,NORMAL,hoBWv0TYR7,iGjZby2b0DjNGdnDJXrX4dlVzytmLBlwvjEFUfCanwuD8Ty7guKsxRZ9bGZFBjJ5Dul3jT53ZXLFOOJfk72YpxsZK0QvOKrbmf83,admin,2023-01-28 18:58:38,2023-01-28 18:58:38
116,3,NORMAL,BIQjyQMHvN,hDtBCurIxULNDQDd6YesabUOCJnq0ADDBuKHheKNvgu3ExSkeG3xthCgmzmHG2KoedVmSzLoxJigjx72FbEXrj5ITMMwT6BBhU7k,admin,2023-01-28 18:58:38,2023-01-28 18:58:38
117,3,NORMAL,N8AFzK6585,LLV7aa0dfVVQU0vOXJS3OMcVo0gbh2ZuV447FzXLmMdeXJphw1HBqM9p6LAQbEmQUBoYbQbwiVPEzsSZGamimDk4JkWIkNVuUcnF,admin,2023-01-28 18:58:38,2023-01-28 18:58:38
118,3,NORMAL,GYpsVCmuaR,BTpWHCPe4Pr0jAwOdRaRkLwJmo85Mz9RavHaZ6Yq2BOSyuZmY6epfVn41LPDPKx6k02wYpdt9dtL3n7q7onhwJqUAOBA7IEbfAki,admin,2023-01-28 18:58:38,2023-01-28 18:58:38
119,3,NORMAL,mlpJ8MgdEa,WNKGFFekGFRRxhSFPChjtk1M0xQbA1hqAGLePQzNyDHyL6HI4mIbL6K4hOIUI50c2Vo6gvvMxmSfPGeVT1FrjKtrDEeqyfOPF4sU,admin,2023-01-28 18:58:38,2023-01-28 18:58:38
120,3,NORMAL,mw1g1oeuj0,1iOWNvFiJc84kWtCv7FJhKCsRK6rumbD1VJrS8Fd1ONo395h61ht9bW4jHhahCeq8D77BMee1b6JHxdHUVVu2aBLb9lASLn5ahjC,admin,2023-01-28 18:58:38,2023-01-28 18:58:38
121,3,NORMAL,YwAKAipLKb,vPqUQBOIrPOrQawIUybIcX4oooAwQQkvaboFp428wvPnC5nxIDMwuy8vC0e2eXdbpACkzU2ot5bFJRD1yRkbh1o3BkkQbiFZi8q4,admin,2023-01-28 18:58:38,2023-01-28 18:58:38
122,3,NORMAL,HiFWs0wvzY,XzHuGYIohMZ5UFRTxLG7SKxgBt0rNaTskqo2X6O0UQxC1dFqk9U72mKdrlnpLlaCu5Xf8s0CYZgYYcvYKKjHjMNf47XmxFC75PND,admin,2023-01-28 18:58:38,2023-01-28 18:58:38
123,3,NORMAL,YZ10ipGO0O,UN38bD8xc2jP90AOxbNw4NqM6aj3ZlfweZOVwPivtmXi8099OEwXTNE7rw2CaTSlVZU05TXSr9vRNF7balggkZcdGGdyaoUKfzAK,admin,2023-01-28 18:58:38,2023-01-28 18:58:38
124,3,NORMAL,2p9MiIbvrQ,dyehsvptpVNeCs6BihXH2HxB26P69PGCJDv1nNLGVy3WraCpRaBT3gE8umklAbVdrVbnqMAiuuemIQrQvzIXieu9XdyBZ6qeCi9i,admin,2023-01-28 18:58:38,2023-01-28 18:58:38
125,3,NORMAL,5DIeshKS6a,4bALJvwuXFmR1ldGv4O8XH09NMvOamvLqqWM88HPIB3QaDOaPm3YbJFeOLy2cJLs1qfE2G1eqmMpTjm8gycuc08r5O5KyMKceont,admin,2023-01-28 18:58:38,2023-01-28 18:58:38
126,3,NORMAL,FgimVHdr3y,CI0jYIcB1lFIST32e6ieBjc2s81zp2Ga64bVB7M7cHXsJkjvmlZZ8QYUE5CgwPkatfKEvu3vyhALfHyyuaKCeiLqsmHd3yBO34d7,admin,2023-01-28 18:58:38,2023-01-28 18:58:38
127,3,NORMAL,wOaJpOulGs,EJfDEAyLhSk05CDj4gT3DY3Q1bCBBSNuNrZ0AdzTdYqZa9oE2V25Wo2StUeNOSoleXgJSBeLbAy4fWAainFODIbK5liS2CR0lhhj,admin,2023-01-28 18:58:38,2023-01-28 18:58:38
128,3,NORMAL,SbltS8zevO,I8mhpEZBDVLix8sq6dpj0oZlWzWWdwoylGPATFo7sEf2uwte99Blp7fdBbuMZPCDreP0roDMtUCljDj46gXR870w5cMD3xaRnjig,admin,2023-01-28 18:58:38,2023-01-28 18:58:38
129,3,NORMAL,asQRJWjroT,BwBWH1hKiby4c3QrO1ZN9uOSf46sNAa6TSVfYNTefD97TIKis47oKo0wBJ2GboM4sXbJc6BQs1nj8mlEf1g7SX4DtaNFncktIn3p,admin,2023-01-28 18:58:38,2023-01-28 18:58:38
130,3,NORMAL,4dc4bFEDX0,WKag0kRgPf70HtLJszWSVk5f3DTgL6UlKNvZfcjsnyEpWWrVNzB3IulfBkGXdK3dMn7CyvA1OGwAzJ6ZqLBexP0scqQNzYfy3DCh,admin,2023-01-28 18:58:38,2023-01-28 18:58:38
131,3,NORMAL,7J2CamOAHT,jeCeBkyZkDoH4MTloWXSpbZ8cqeIiSHeufXyqi5AC9TK5N6jyU1aspzIXsghn2VmzCKD7OLXyvDCP8GKOKlBTlPnGZVz9JwVK56x,admin,2023-01-28 18:58:38,2023-01-28 18:58:38
132,3,NORMAL,SXYcjQNfNF,7nc0WR65nzvHewxS5hHfz0l2hCZUpS9i5DYh1lN0vFqL4IN0pqpF4xXoBthkUgQYG4P9EEHE9IjO1xEg5eBLnvkRs9Ea0zsWYmvq,admin,2023-01-28 18:58:38,2023-01-28 18:58:38
133,3,NORMAL,OYrpRkokoP,7yup4wvVuPnX7gSgPxjtiJvm1wSXU1ifvxqLP1ToL9rnnTQrvYuLLyoKuv6dFieq6kzCwj10MkxZ04W5SQgaVhOwJK8JqmpRrxoN,admin,2023-01-28 18:58:38,2023-01-28 18:58:38
134,3,NORMAL,1YxZXclzZj,YAuYiqDTyTA3X4PzErlXR3agIIwcHv6aytJsq72ry0aQo2Z2Ch2WsFGkF3WRQaBhGKRnkp4Jz2vVHhyDaOEpPwjrX3xqrRhkcZMT,admin,2023-01-28 18:58:38,2023-01-28 18:58:38
135,3,NORMAL,uKJQ6D5Caw,rLYBMnQUZroelJhpzNy6tgjBAY0PTxWl70I6AVZ9yjMSCDiHcLVUyxFG7BehqGMIBYKCdv9KWSlCUycqDoz2NOPfycrqqfriHWxk,admin,2023-01-28 18:58:38,2023-01-28 18:58:38
136,3,NORMAL,qFx9ImwoxU,XhWzt75zuyHlKEmai8JgiAbe07lkoJGAyNQRyc9cqVQ05rJoHb2yqMOZWvWYqLqCZ2vphpnQugmoSQekOLKARoxV52utwjG6SzJv,admin,2023-01-28 18:58:38,2023-01-28 18:58:38
137,3,NORMAL,QPigtqm3uW,bgfaFRSSHMpjftFIEkY3YxzWPuxzU0u7TcagHgDqvcnDkm6wX0yJ1KGMissiremGCyAL98J60q2WKL2Jj7lFCrA9Iif41KdxB59d,admin,2023-01-28 18:58:38,2023-01-28 18:58:38
138,3,NORMAL,57Z2UtuUJ3,wPKYU82iL4CdDZNy2eAKRYsVi9bnupEhLKcJdAH7qhSqw6e4UzxqGIB7ChHJKeootGSV0losweunpC8NQY9WIzZXAc4p4Qh0xI2T,admin,2023-01-28 18:58:38,2023-01-28 18:58:38
139,3,NORMAL,9TeNszlzXx,AsXdPtUKChXxUpWmmPPgRg0Pe71iT7zN6OfYYkELcYAUIzzzmTjuwkRkQxh1gcw50KuF7elIndtujUyQxM8M5PCqMdZBSdLhk6Uu,admin,2023-01-28 18:58:38,2023-01-28 18:58:38
140,3,NORMAL,GgmjFxjoFg,9FMC3rOW8Yuxa7GMQZ6brtp2qftQu5s4PZqQXEaJRUTIwFRA73A9BvtV2CsmNuyWQd9HgPPa3J4xc2TKRBVUv2gaVdxbAjG1y9eX,admin,2023-01-28 18:58:38,2023-01-28 18:58:38
141,3,NORMAL,9DZgHso91i,E6i8rdWZ1Uck4cCf7mbgSHJvH5YJnZOmEsw3j1S2fnHu8DkRuKa5jPQY2ayhws3mCeTVVzt7mzcv2IcVio2pGVn2uSZQM0y9dqHD,admin,2023-01-28 18:58:38,2023-01-28 18:58:38
142,3,NORMAL,8LFsMVP9cI,I048KBslSOGpm5fFHWxyPMKhobaelMjnA7TGilhfLGFCYoMjiwxR0iZNxFdFCN1TWG7hoUpWhnWgmwdjRzuZilrRtFUxF7Wdp2lm,admin,2023-01-28 18:58:38,2023-01-28 18:58:38
143,3,NORMAL,hcNN9VqsVz,NZ8AK8Pzvnee8UubwPfEc933nEZCMy8zBEsNLr99EfekG2UsMrvU1J96Se3TFCnEP6acz8vj3PpZT27wTWz2bPyE6VrJM4HlsxmY,admin,2023-01-28 18:58:38,2023-01-28 18:58:38
144,3,NORMAL,adHtc75FoU,cGa3SuTzxNErNHPoakqjnag8S444i6CY69g88XKk5D7e07F5g9sjjHfDODq5csGw20h614EaZSrQ6HITR2k2yUNo66OsGhhRlF5n,admin,2023-01-28 18:58:38,2023-01-28 18:58:38
145,3,NORMAL,aWUk1VdnVF,wY8Xn2uJVBLz276qbEm3LDgGxd1yjt76CoX1SMFMWiLwZiaVugyLr9RfbJfFEww1YY3y4295aPWP4AGwyZs5alcTvAEmDo1W6uRZ,admin,2023-01-28 18:58:38,2023-01-28 18:58:38
146,3,NORMAL,NOMPz0Dtm0,uQu1QX4cOmnnyudoNzzQBNJPksuFCm2nsChMsckrPnRGYUlFBR8sM48i2w4EN2mbQfVEl4zDTngm7gsbVFenRWBDpvaPugdzpTJj,admin,2023-01-28 18:58:38,2023-01-28 18:58:38
147,3,NORMAL,t7sE8Gg5iF,8vsj37RRy1o2CSpY8OI69iTh6PHChsd82DqHmJCgF9l9PD2sfhBhSjchuUClfQVmWc3Oylg4EwEp3is5lWSAj0UsIoP9vCxrij5h,admin,2023-01-28 18:58:38,2023-01-28 18:58:38
148,3,NORMAL,Kwm9T5Uca8,PdL1Mqx9RxLPMK3QhZVPb1EQXhGx0yAbEHCLnVhzlpOfDdGsEMUgp7TcnXSxNimCkd5dGf4ZuCdncqNMDiVtzPCFRogsciT69nif,admin,2023-01-28 18:58:38,2023-01-28 18:58:38
149,3,NORMAL,jQzyvjigyv,IGIVuTpiDmYl8hn0BXKHaGnXLxppSqERAZ76Ded8EDfry8zmSMWuYCif7L8r9EG5cP4HqY5gUhF6Fd4RIhwCxSiyr5fdmDfUlPlq,admin,2023-01-28 18:58:38,2023-01-28 18:58:38
150,3,NORMAL,M4xbz9wZL6,0CjiDqUFJPKhnm5XPAu4HoyHfB1NEni2rK6PRY1WIs5IryLG3SnmKHdwHNNXrPKFevnVZBSmE5tGFloqf6I1ZpZBEliay8xVcPK6,admin,2023-01-28 18:58:38,2023-01-28 18:58:38
151,3,NORMAL,TWYPjV8Zua,mgPyzQN4WEzpZn0u8RHSlX6XuYxPOgeCWg8UMMQXILsFBeaeAbJSosFZLnCxME8d8zVuQAk3CHavOLQVcyzOFvh6xTCdgRBVYMj6,admin,2023-01-28 18:58:38,2023-01-28 18:58:38
152,3,NORMAL,EESiLJEGQv,shnaR72ymlvmCmt9bH6bHomRnABQSqMG6qod0oU4V3LZ1YcmZTEBNSq44ex4MiSHgyp1siNXlxoIgk6zP7DArBZppBlJoITg2oGc,admin,2023-01-28 18:58:38,2023-01-28 18:58:38
153,3,NORMAL,aME61XpLjy,l9zd73rfZD4DIdZ8hMTjdjdEucuekWLvZ66Rr8WtMmWJSNwtaY0ol7jbHb6SYmuddS1QKTCtnEzspS24tsekFXscZunBnpeRJpBS,admin,2023-01-28 18:58:38,2023-01-28 18:58:38
154,3,NORMAL,WtbbhDcKhu,B0o1lLxPxPDZje4ppvdDq8F54ksKs4ZLHX7C0atVuoOKmGcruTuh6WI5d5189EQWeOU2Rt4Y0Zx3NhslH0qayM7H5LeddrUpEUuu,admin,2023-01-28 18:58:38,2023-01-28 18:58:38
155,3,NORMAL,f2bi9OcSxH,vMvmesTAPwBaQ2jqB3lr2CEosRlfeYTIFJ1Nu2BVQOKYkQldYpzH0r3MZy1OMmy1v8jwmfzwtcekDgfbayJ0IBWBJhKeZIkjxVyA,admin,2023-01-28 18:58:38,2023-01-28 18:58:38
156,1,NORMAL,Post insert test in JUnit,Post insert test in JUnit...,admin,2023-01-28 18:59:42,2023-01-28 18:59:42
157,1,NORMAL,Post insert test in JUnit,Post insert test in JUnit...,admin,2023-01-28 19:13:05,2023-01-28 19:13:05
158,1,NORMAL,Post insert test in JUnit,Post insert test in JUnit...,admin,2023-01-28 21:46:12,2023-01-28 21:46:12
159,1,NORMAL,Post insert test in JUnit,Post insert test in JUnit...,admin,2023-01-28 22:49:10,2023-01-28 22:49:10
160,1,NORMAL,Post insert test in JUnit,Post insert test in JUnit...,admin,2023-01-28 23:14:54,2023-01-28 23:14:54
161,1,NORMAL,Post insert test in JUnit,Post insert test in JUnit...,admin,2023-01-28 23:15:37,2023-01-28 23:15:37
162,1,NORMAL,Post insert test in JUnit,Post insert test in JUnit...,admin,2023-01-28 23:16:48,2023-01-28 23:16:48
163,1,NORMAL,Post insert test in JUnit,Post insert test in JUnit...,admin,2023-01-29 03:09:32,2023-01-29 03:09:32
164,1,NORMAL,Post insert test in JUnit,Post insert test in JUnit...,admin,2023-01-29 03:32:20,2023-01-29 03:32:20
